iter,train_loss,val_loss,lr,tokens_per_sec,iter_ms
0,10.871852,10.873960,6.000000e-07,,
0,10.870381,,6.000000e-07,13108.0,9999.40
10,10.405080,,6.600000e-06,2489.4,52652.33
0,10.879092,,1.500000e-06,69990.0,468.18
5,10.525759,,9.000000e-06,20537.7,1595.51
10,10.046535,,1.650000e-05,20964.5,1563.02
15,9.740685,,2.400000e-05,21237.1,1542.96
20,9.531275,,3.150000e-05,21360.0,1534.08
25,9.344655,,3.900000e-05,21447.4,1527.83
30,9.090962,,4.650000e-05,21514.1,1523.09
35,8.820182,,5.400000e-05,21484.4,1525.20
40,8.547258,,6.150000e-05,21405.8,1530.80
45,8.203774,,6.900000e-05,21513.0,1523.17
50,7.890173,,7.650000e-05,21475.6,1525.83
55,7.527626,,8.400000e-05,21091.0,1553.65
60,7.180812,,9.150000e-05,21409.2,1530.56
65,6.799546,,9.900000e-05,20423.3,1604.44
70,6.507301,,1.065000e-04,21171.4,1547.74
75,6.184906,,1.140000e-04,21399.5,1531.25
80,5.912979,,1.215000e-04,21194.4,1546.07
85,5.627647,,1.290000e-04,20985.8,1561.44
90,5.418560,,1.365000e-04,21540.6,1521.22
95,5.157224,,1.440000e-04,21526.2,1522.24
100,5.058616,,1.515000e-04,21377.7,1532.81
105,4.912196,,1.590000e-04,21415.7,1530.10
110,4.709374,,1.665000e-04,21357.8,1534.24
115,4.645061,,1.740000e-04,21479.1,1525.58
120,4.504655,,1.815000e-04,21480.1,1525.51
125,4.413136,,1.890000e-04,21390.6,1531.89
130,4.407891,,1.965000e-04,21401.7,1531.09
135,4.270986,,2.040000e-04,21386.9,1532.15
140,4.225113,,2.115000e-04,21515.2,1523.01
145,4.187822,,2.190000e-04,21521.3,1522.58
150,4.157957,,2.265000e-04,21421.5,1529.68
155,4.056373,,2.340000e-04,21277.2,1540.05
160,3.996425,,2.415000e-04,20881.6,1569.23
165,3.943375,,2.490000e-04,21450.0,1527.65
170,3.829681,,2.565000e-04,21404.7,1530.88
175,3.855830,,2.640000e-04,21275.9,1540.14
180,3.806920,,2.715000e-04,21257.0,1541.52
185,3.754475,,2.790000e-04,21039.2,1557.48
190,3.737947,,2.865000e-04,21466.3,1526.49
195,3.711525,,2.940000e-04,21469.6,1526.25
200,3.645684,,3.000000e-04,21447.5,1527.82
205,3.631361,,2.999993e-04,21402.5,1531.03
210,3.544639,,2.999971e-04,21487.3,1524.99
215,3.576439,,2.999935e-04,21335.8,1535.83
220,3.482161,,2.999884e-04,21366.2,1533.64
225,3.414329,,2.999819e-04,21490.2,1524.79
230,3.469639,,2.999740e-04,21050.7,1556.62
235,3.445880,,2.999646e-04,21196.2,1545.94
240,3.390262,,2.999537e-04,21136.7,1550.29
245,3.396724,,2.999415e-04,21442.6,1528.17
250,3.256086,3.282811,2.999277e-04,,
250,3.342332,,2.999277e-04,6933.8,4725.82
255,3.238598,,2.999125e-04,20958.6,1563.46
260,3.278083,,2.998959e-04,21027.2,1558.36
265,3.254713,,2.998779e-04,21119.9,1551.52
270,3.202782,,2.998583e-04,21295.7,1538.72
275,3.148139,,2.998374e-04,21427.3,1529.27
280,3.185334,,2.998150e-04,21425.8,1529.37
285,3.141391,,2.997911e-04,21314.7,1537.34
290,3.109293,,2.997659e-04,21333.7,1535.97
295,3.150391,,2.997391e-04,21286.8,1539.36
300,3.147287,,2.997110e-04,21387.2,1532.13
305,3.057620,,2.996813e-04,20536.8,1595.58
310,3.113377,,2.996503e-04,21101.8,1552.86
315,3.034076,,2.996178e-04,21401.7,1531.09
320,2.978916,,2.995838e-04,21258.8,1541.38
325,2.993764,,2.995485e-04,21441.4,1528.26
330,2.964579,,2.995116e-04,21347.5,1534.98
335,2.943438,,2.994734e-04,21353.8,1534.53
340,2.956678,,2.994337e-04,21408.4,1530.61
345,2.969194,,2.993925e-04,21439.4,1528.40
350,2.916336,,2.993499e-04,21412.4,1530.33
355,2.963935,,2.993059e-04,21401.8,1531.09
360,2.904666,,2.992605e-04,21139.4,1550.09
365,2.856383,,2.992136e-04,21079.0,1554.53
370,2.882430,,2.991652e-04,21407.9,1530.65
375,2.819688,,2.991155e-04,21355.3,1534.42
380,2.881400,,2.990642e-04,19244.9,1702.68
385,2.842469,,2.990116e-04,18881.7,1735.44
390,2.771467,,2.989575e-04,18981.0,1726.36
395,2.777033,,2.989020e-04,18913.2,1732.55
400,2.812850,,2.988451e-04,19002.5,1724.41
405,2.750068,,2.987867e-04,19045.6,1720.50
410,2.776454,,2.987269e-04,18831.7,1740.05
415,2.755084,,2.986656e-04,18652.7,1756.74
420,2.728808,,2.986029e-04,19147.2,1711.37
425,2.727398,,2.985388e-04,19166.3,1709.66
430,2.755133,,2.984733e-04,19346.4,1693.75
435,2.753866,,2.984063e-04,19480.3,1682.11
440,2.713322,,2.983379e-04,19443.0,1685.34
445,2.705013,,2.982681e-04,19367.1,1691.94
450,2.624269,,2.981968e-04,19377.9,1691.00
455,2.664014,,2.981242e-04,19412.4,1687.99
460,2.671382,,2.980501e-04,19420.9,1687.26
465,2.669461,,2.979745e-04,19452.8,1684.49
470,2.655415,,2.978976e-04,19071.4,1718.17
475,2.657754,,2.978192e-04,19153.3,1710.83
480,2.635800,,2.977394e-04,19431.3,1686.35
485,2.586226,,2.976582e-04,19409.1,1688.28
490,2.650167,,2.975756e-04,19371.2,1691.58
495,2.688201,,2.974915e-04,19247.3,1702.48
500,2.536109,2.517687,2.974060e-04,,
500,2.570552,,2.974060e-04,6041.5,5423.86
505,2.600199,,2.973191e-04,19016.0,1723.18
510,2.570816,,2.972308e-04,19240.7,1703.05
515,2.529307,,2.971411e-04,19130.7,1712.85
520,2.545112,,2.970499e-04,18766.0,1746.14
525,2.538153,,2.969574e-04,19157.1,1710.49
530,2.544887,,2.968634e-04,19342.8,1694.07
535,2.563827,,2.967680e-04,19433.8,1686.14
540,2.508815,,2.966712e-04,19407.0,1688.46
545,2.459755,,2.965730e-04,19191.0,1707.46
550,2.510835,,2.964734e-04,19081.9,1717.23
555,2.525200,,2.963724e-04,19674.8,1665.48
560,2.477274,,2.962699e-04,19680.4,1665.01
565,2.484753,,2.961661e-04,19297.0,1698.09
570,2.490869,,2.960609e-04,19271.9,1700.30
575,2.457572,,2.959542e-04,18959.3,1728.33
580,2.473812,,2.958462e-04,18073.7,1813.02
585,2.464512,,2.957367e-04,19583.2,1673.27
590,2.478075,,2.956259e-04,19531.5,1677.70
595,2.487682,,2.955136e-04,19540.0,1676.97
600,2.453319,,2.954000e-04,19563.4,1674.97
605,2.508231,,2.952849e-04,19644.5,1668.05
610,2.486128,,2.951685e-04,18907.6,1733.06
615,2.484201,,2.950507e-04,19291.1,1698.60
620,2.449051,,2.949315e-04,19675.6,1665.41
625,2.373033,,2.948108e-04,19670.4,1665.86
630,2.449107,,2.946888e-04,19595.0,1672.27
635,2.427193,,2.945654e-04,19269.1,1700.55
640,2.341886,,2.944407e-04,18291.2,1791.47
645,2.455613,,2.943145e-04,19635.8,1668.79
650,2.415792,,2.941869e-04,19630.4,1669.25
655,2.412363,,2.940580e-04,19631.0,1669.19
660,2.364918,,2.939277e-04,19625.2,1669.69
665,2.368230,,2.937960e-04,18244.2,1796.08
670,2.363864,,2.936629e-04,17851.9,1835.55
675,2.358701,,2.935285e-04,19633.7,1668.97
680,2.367252,,2.933926e-04,19443.7,1685.27
685,2.311048,,2.932554e-04,19075.2,1717.84
690,2.386693,,2.931168e-04,19572.3,1674.20
695,2.295532,,2.929769e-04,19321.8,1695.91
700,2.308647,,2.928356e-04,19643.8,1668.11
705,2.335188,,2.926929e-04,19653.6,1667.27
710,2.342386,,2.925488e-04,19650.7,1667.52
715,2.294156,,2.924034e-04,19606.3,1671.30
720,2.342077,,2.922566e-04,19313.5,1696.64
725,2.324088,,2.921084e-04,19667.9,1666.06
730,2.319522,,2.919589e-04,19579.3,1673.60
735,2.276936,,2.918081e-04,19341.0,1694.23
740,2.326887,,2.916558e-04,19679.3,1665.10
745,2.293765,,2.915022e-04,19296.5,1698.13
750,2.229876,2.242333,2.913473e-04,,
750,2.316931,,2.913473e-04,6233.7,5256.55
755,2.281727,,2.911910e-04,19595.4,1672.23
760,2.348824,,2.910334e-04,19664.9,1666.32
765,2.312303,,2.908744e-04,19528.5,1677.96
770,2.338723,,2.907140e-04,19648.2,1667.74
775,2.216739,,2.905523e-04,19657.4,1666.95
780,2.275002,,2.903893e-04,19684.9,1664.63
785,2.256935,,2.902249e-04,19665.0,1666.31
790,2.246271,,2.900592e-04,19679.2,1665.11
795,2.262687,,2.898921e-04,19564.1,1674.91
800,2.316655,,2.897237e-04,19308.0,1697.12
805,2.225208,,2.895540e-04,19646.2,1667.91
810,2.205785,,2.893829e-04,19660.0,1666.73
815,2.203263,,2.892105e-04,19531.5,1677.70
820,2.294235,,2.890368e-04,19640.7,1668.38
825,2.258829,,2.888618e-04,19137.9,1712.21
830,2.269189,,2.886854e-04,19378.2,1690.97
835,2.301278,,2.885077e-04,19185.9,1707.92
840,2.263126,,2.883286e-04,19661.0,1666.65
845,2.253340,,2.881483e-04,19455.6,1684.25
850,2.278406,,2.879666e-04,19290.0,1698.71
855,2.203226,,2.877836e-04,19354.3,1693.06
860,2.263786,,2.875993e-04,19675.4,1665.43
865,2.220232,,2.874137e-04,19588.8,1672.79
870,2.229706,,2.872268e-04,19569.2,1674.47
875,2.257400,,2.870386e-04,19167.7,1709.54
880,2.226367,,2.868490e-04,19711.2,1662.40
885,2.197223,,2.866582e-04,19720.5,1661.62
890,2.218306,,2.864660e-04,19697.1,1663.59
895,2.219298,,2.862726e-04,19677.4,1665.26
900,2.164384,,2.860778e-04,19724.2,1661.31
905,2.213481,,2.858818e-04,19726.7,1661.10
910,2.148621,,2.856844e-04,19723.3,1661.38
915,2.258181,,2.854858e-04,19725.7,1661.18
920,2.139340,,2.852859e-04,18828.9,1740.30
925,2.222903,,2.850847e-04,17259.6,1898.54
930,2.221975,,2.848822e-04,15994.3,2048.73
935,2.243326,,2.846784e-04,17102.3,1916.00
940,2.237656,,2.844733e-04,16701.6,1961.97
945,2.108118,,2.842670e-04,17435.9,1879.34
950,2.141318,,2.840594e-04,17605.5,1861.23
955,2.170585,,2.838505e-04,17431.5,1879.82
960,2.194489,,2.836403e-04,17549.0,1867.23
965,2.131591,,2.834289e-04,17642.1,1857.38
970,2.172069,,2.832162e-04,17460.5,1876.69
975,2.213411,,2.830022e-04,17537.6,1868.44
980,2.130692,,2.827870e-04,17669.0,1854.55
985,2.104657,,2.825705e-04,17443.7,1878.50
990,2.261251,,2.823527e-04,17525.2,1869.77
995,2.130327,,2.821337e-04,17668.8,1854.56
1000,2.077605,2.080825,2.819134e-04,,
1000,2.184287,,2.819134e-04,5311.8,6168.86
1005,2.154126,,2.816919e-04,14937.9,2193.62
1010,2.193061,,2.814691e-04,17303.8,1893.68
1015,2.137864,,2.812451e-04,17141.4,1911.63
1020,2.138489,,2.810199e-04,16882.8,1940.91
1025,2.104749,,2.807934e-04,17867.4,1833.96
1030,2.127001,,2.805656e-04,19735.3,1660.38
1035,2.123129,,2.803366e-04,19738.2,1660.13
1040,2.139239,,2.801064e-04,19725.1,1661.23
1045,2.158553,,2.798750e-04,19705.2,1662.92
1050,2.133902,,2.796423e-04,19600.1,1671.83
1055,2.169049,,2.794084e-04,19676.7,1665.32
1060,2.113402,,2.791733e-04,19648.8,1667.68
1065,2.127941,,2.789369e-04,19645.3,1667.98
1070,2.114048,,2.786993e-04,19587.1,1672.94
1075,2.163946,,2.784605e-04,18937.0,1730.36
1080,2.113939,,2.782205e-04,19680.6,1664.99
1085,2.112868,,2.779793e-04,19687.5,1664.41
1090,2.107889,,2.777369e-04,19371.1,1691.59
1095,2.117120,,2.774932e-04,19157.0,1710.50
1100,2.113987,,2.772484e-04,19540.1,1676.97
1105,2.115509,,2.770024e-04,19672.9,1665.64
1110,2.099068,,2.767551e-04,19682.7,1664.81
1115,2.093691,,2.765067e-04,19219.3,1704.95
1120,2.115108,,2.762570e-04,19392.6,1689.72
1125,2.127378,,2.760062e-04,19581.9,1673.38
1130,2.075146,,2.757542e-04,19370.5,1691.64
1135,2.095980,,2.755010e-04,19273.8,1700.13
1140,2.075737,,2.752466e-04,19584.0,1673.21
1145,2.087985,,2.749910e-04,19395.5,1689.46
1150,2.080474,,2.747343e-04,19601.8,1671.68
1155,2.151293,,2.744764e-04,19722.7,1661.43
1160,2.052134,,2.742173e-04,19672.5,1665.67
1165,2.107751,,2.739570e-04,19674.7,1665.49
1170,2.121120,,2.736956e-04,19684.7,1664.64
1175,2.090318,,2.734330e-04,19680.9,1664.96
1180,2.138842,,2.731693e-04,19686.9,1664.46
1185,2.001271,,2.729044e-04,19691.7,1664.05
1190,2.125691,,2.726383e-04,19667.9,1666.07
1195,2.071642,,2.723711e-04,19695.2,1663.75
1200,2.030522,,2.721027e-04,19692.4,1663.99
1205,2.104363,,2.718332e-04,19682.5,1664.83
1210,2.091822,,2.715625e-04,19675.0,1665.47
1215,2.064024,,2.712907e-04,19680.7,1664.98
1220,2.105397,,2.710178e-04,19550.5,1676.07
1225,2.028117,,2.707437e-04,19587.8,1672.88
1230,2.057798,,2.704685e-04,19379.7,1690.84
1235,2.025396,,2.701922e-04,19365.5,1692.08
1240,2.107666,,2.699147e-04,19729.9,1660.83
1245,2.095457,,2.696361e-04,19623.8,1669.81
1250,1.994560,1.984976,2.693564e-04,,
1250,2.066636,,2.693564e-04,6136.0,5340.30
1255,2.056057,,2.690756e-04,18917.9,1732.11
1260,2.102050,,2.687936e-04,19260.3,1701.32
1265,1.985490,,2.685106e-04,19691.0,1664.11
1270,2.101368,,2.682264e-04,19670.5,1665.84
1275,2.087264,,2.679412e-04,19193.9,1707.21
1280,2.039454,,2.676548e-04,19687.8,1664.38
1285,2.049189,,2.673673e-04,19702.6,1663.13
1290,1.987213,,2.670788e-04,19665.7,1666.25
1295,2.054404,,2.667891e-04,19650.2,1667.57
1300,2.066148,,2.664984e-04,19586.4,1673.00
1305,2.064613,,2.662065e-04,19660.8,1666.66
1310,2.038636,,2.659136e-04,19619.7,1670.16
1315,2.092234,,2.656196e-04,19449.7,1684.76
1320,2.025278,,2.653246e-04,19631.5,1669.15
1325,2.030509,,2.650284e-04,19737.2,1660.22
1330,2.085119,,2.647312e-04,19705.8,1662.86
1335,1.991602,,2.644329e-04,19736.4,1660.29
1340,2.020684,,2.641335e-04,19732.2,1660.63
1345,2.012613,,2.638331e-04,19729.6,1660.86
1350,2.023717,,2.635316e-04,19732.6,1660.60
1355,2.043889,,2.632291e-04,19735.8,1660.34
1360,2.058058,,2.629255e-04,19735.5,1660.36
1365,2.069337,,2.626209e-04,19735.7,1660.34
1370,2.060349,,2.623152e-04,19684.9,1664.62
1375,2.048656,,2.620085e-04,19599.3,1671.90
1380,2.056844,,2.617008e-04,19735.7,1660.34
1385,1.994595,,2.613920e-04,19738.8,1660.08
1390,2.010582,,2.610821e-04,19736.3,1660.29
1395,2.056506,,2.607713e-04,19738.3,1660.12
1400,2.010311,,2.604594e-04,19735.0,1660.40
1405,2.039819,,2.601465e-04,19737.3,1660.21
1410,2.016140,,2.598326e-04,19737.5,1660.19
1415,1.983333,,2.595177e-04,19736.9,1660.24
1420,1.963767,,2.592017e-04,19734.5,1660.44
1425,2.017502,,2.588848e-04,19735.1,1660.39
1430,1.939559,,2.585668e-04,19735.3,1660.38
1435,2.011392,,2.582478e-04,19720.3,1661.64
1440,1.976719,,2.579279e-04,19729.2,1660.89
1445,2.001065,,2.576069e-04,19730.6,1660.77
1450,1.996025,,2.572850e-04,19731.5,1660.70
1455,2.031672,,2.569620e-04,19672.6,1665.66
1460,1.969235,,2.566381e-04,19732.7,1660.59
1465,2.006040,,2.563132e-04,19728.2,1660.97
1470,2.026745,,2.559873e-04,19477.2,1682.38
1475,1.980001,,2.556605e-04,19732.0,1660.65
1480,2.015575,,2.553326e-04,19729.2,1660.89
1485,2.013544,,2.550038e-04,19717.0,1661.92
1490,1.992877,,2.546741e-04,19725.9,1661.16
1495,2.063507,,2.543434e-04,19727.4,1661.04
1500,1.930115,1.918845,2.540117e-04,,
1500,1.964795,,2.540117e-04,6206.4,5279.67
1505,1.980420,,2.536791e-04,17645.3,1857.04
1510,1.976992,,2.533455e-04,19673.4,1665.60
1515,1.983078,,2.530110e-04,19603.5,1671.54
1520,2.009753,,2.526755e-04,19658.0,1666.90
1525,2.044598,,2.523391e-04,19393.7,1689.62
1530,1.983896,,2.520017e-04,19658.4,1666.87
1535,2.018905,,2.516635e-04,19660.5,1666.69
1540,1.992654,,2.513243e-04,19640.4,1668.40
1545,1.958229,,2.509841e-04,19460.1,1683.86
1550,2.071233,,2.506431e-04,19652.9,1667.34
1555,2.007132,,2.503011e-04,19647.7,1667.78
1560,1.975775,,2.499583e-04,19212.8,1705.53
1565,1.959502,,2.496145e-04,19622.3,1669.94
1570,1.977467,,2.492698e-04,19496.9,1680.67
1575,2.022703,,2.489242e-04,19659.2,1666.80
1580,1.959019,,2.485777e-04,19592.9,1672.44
1585,1.990278,,2.482303e-04,19447.3,1684.96
1590,1.969041,,2.478820e-04,19524.5,1678.30
1595,2.021682,,2.475328e-04,19621.6,1669.99
1600,1.928219,,2.471828e-04,19638.3,1668.57
1605,1.973866,,2.468319e-04,19625.6,1669.65
1610,1.977451,,2.464801e-04,19648.2,1667.73
1615,1.982433,,2.461274e-04,19667.0,1666.14
1620,2.037031,,2.457738e-04,19683.0,1664.78
1625,1.985868,,2.454194e-04,19652.9,1667.34
1630,2.028111,,2.450641e-04,19641.7,1668.29
1635,1.906898,,2.447080e-04,19450.3,1684.70
1640,1.913089,,2.443510e-04,17179.6,1907.38
1645,1.971486,,2.439932e-04,19519.9,1678.70
1650,1.925734,,2.436345e-04,19585.1,1673.11
1655,1.957338,,2.432750e-04,19619.8,1670.15
1660,1.950346,,2.429146e-04,19624.3,1669.77
1665,1.988427,,2.425534e-04,19409.3,1688.26
1670,1.960512,,2.421914e-04,19611.3,1670.87
1675,1.938622,,2.418285e-04,19659.7,1666.76
1680,1.970745,,2.414648e-04,19665.9,1666.23
1685,1.952362,,2.411003e-04,19646.3,1667.90
1690,1.972101,,2.407350e-04,19664.2,1666.37
1695,1.924644,,2.403689e-04,19681.0,1664.96
1700,1.920397,,2.400020e-04,19666.2,1666.21
1705,1.978719,,2.396342e-04,19677.7,1665.24
1710,1.964955,,2.392657e-04,19677.0,1665.30
1715,1.926516,,2.388964e-04,19665.8,1666.24
1720,1.951155,,2.385263e-04,19683.0,1664.79
1725,1.868599,,2.381554e-04,19680.2,1665.03
1730,1.910908,,2.377837e-04,19631.0,1669.20
1735,1.896803,,2.374112e-04,19499.3,1680.47
1740,1.910574,,2.370380e-04,19699.3,1663.41
1745,1.882342,,2.366639e-04,19441.9,1685.43
1750,1.880192,1.869140,2.362892e-04,,
1750,1.935307,,2.362892e-04,6217.6,5270.21
1755,1.908947,,2.359136e-04,19655.6,1667.11
1760,1.930159,,2.355373e-04,19399.5,1689.12
1765,1.919726,,2.351602e-04,18452.3,1775.83
1770,1.928292,,2.347824e-04,19736.6,1660.26
1775,1.909371,,2.344039e-04,19735.8,1660.33
1780,1.909570,,2.340246e-04,19696.5,1663.64
1785,1.946710,,2.336445e-04,19621.9,1669.97
1790,1.995601,,2.332637e-04,19572.7,1674.17
1795,1.949829,,2.328822e-04,19671.4,1665.77
1800,1.872716,,2.325000e-04,19679.9,1665.05
1805,1.978824,,2.321170e-04,19692.8,1663.96
1810,1.907178,,2.317334e-04,19680.4,1665.00
1815,1.902630,,2.313490e-04,19660.5,1666.69
1820,1.865270,,2.309639e-04,19680.3,1665.02
1825,1.950744,,2.305781e-04,19651.8,1667.43
1830,1.893984,,2.301915e-04,19658.3,1666.88
1835,1.880372,,2.298043e-04,19663.1,1666.47
1840,1.948654,,2.294164e-04,19667.8,1666.07
1845,1.922894,,2.290278e-04,19658.1,1666.90
1850,1.946944,,2.286386e-04,19676.5,1665.34
1855,1.954946,,2.282486e-04,19680.9,1664.97
1860,1.939569,,2.278580e-04,19683.3,1664.76
1865,1.893422,,2.274666e-04,19684.5,1664.66
1870,1.904507,,2.270747e-04,19669.2,1665.95
1875,1.945991,,2.266820e-04,19592.5,1672.48
1880,1.922511,,2.262887e-04,18830.6,1740.14
1885,1.941504,,2.258948e-04,19668.7,1666.00
1890,1.876912,,2.255001e-04,19690.2,1664.18
1895,1.921006,,2.251049e-04,19676.8,1665.31
1900,1.859731,,2.247090e-04,19666.9,1666.15
1905,1.956409,,2.243124e-04,19675.8,1665.39
1910,1.911630,,2.239152e-04,19592.3,1672.49
1915,1.909376,,2.235174e-04,17244.9,1900.15
1920,1.905679,,2.231190e-04,19675.0,1665.47
1925,1.912240,,2.227199e-04,19679.1,1665.11
1930,1.990124,,2.223203e-04,19679.8,1665.06
1935,1.935098,,2.219200e-04,19678.3,1665.18
1940,1.940954,,2.215191e-04,19682.5,1664.83
1945,1.860513,,2.211176e-04,19685.2,1664.60
1950,1.961570,,2.207154e-04,19695.7,1663.72
1955,1.918413,,2.203127e-04,19697.0,1663.61
1960,1.907119,,2.199094e-04,19692.9,1663.95
1965,1.881034,,2.195056e-04,19689.5,1664.24
1970,1.880930,,2.191011e-04,19683.4,1664.75
1975,1.893302,,2.186960e-04,19677.0,1665.29
1980,1.948249,,2.182904e-04,19675.9,1665.39
1985,1.929178,,2.178842e-04,19678.1,1665.20
1990,1.913854,,2.174775e-04,19684.3,1664.67
1995,1.887409,,2.170701e-04,19680.1,1665.04
2000,1.833576,1.862104,2.166623e-04,,
2000,1.905489,,2.166623e-04,6224.8,5264.14
2005,1.918874,,2.162538e-04,17643.7,1857.20
2010,1.934733,,2.158448e-04,19686.5,1664.49
2015,1.861495,,2.154353e-04,19677.7,1665.24
2020,1.886004,,2.150253e-04,19677.0,1665.29
2025,1.909668,,2.146147e-04,19667.0,1666.14
2030,1.893291,,2.142035e-04,19659.1,1666.81
2035,1.886915,,2.137919e-04,19656.0,1667.07
2040,1.924465,,2.133797e-04,19500.6,1680.36
2045,1.896689,,2.129670e-04,18835.3,1739.71
2050,1.826613,,2.125538e-04,19647.0,1667.83
2055,1.838196,,2.121400e-04,19674.3,1665.52
2060,1.903835,,2.117258e-04,19659.3,1666.79
2065,1.827180,,2.113111e-04,19659.8,1666.75
2070,1.923583,,2.108958e-04,19670.8,1665.82
2075,1.852173,,2.104801e-04,19669.4,1665.93
2080,1.817932,,2.100639e-04,19669.5,1665.93
2085,1.939619,,2.096472e-04,19668.0,1666.05
2090,1.904076,,2.092301e-04,19666.2,1666.21
2095,1.831883,,2.088124e-04,19681.1,1664.95
2100,1.903409,,2.083943e-04,19678.6,1665.16
2105,1.873605,,2.079758e-04,19664.8,1666.32
2110,1.908921,,2.075567e-04,19680.9,1664.96
2115,1.881874,,2.071372e-04,19676.1,1665.37
2120,1.904298,,2.067173e-04,19669.3,1665.95
2125,1.889980,,2.062969e-04,19684.2,1664.69
2130,1.825163,,2.058761e-04,19667.8,1666.07
2135,1.809996,,2.054548e-04,19688.4,1664.33
2140,1.931356,,2.050331e-04,19688.1,1664.35
2145,1.859197,,2.046110e-04,19697.3,1663.58
2150,1.852617,,2.041884e-04,19699.4,1663.40
2155,1.877566,,2.037655e-04,19685.2,1664.60
2160,1.855539,,2.033421e-04,19676.8,1665.31
2165,1.854830,,2.029183e-04,19682.7,1664.82
2170,1.899745,,2.024941e-04,19692.1,1664.02
2175,1.904410,,2.020695e-04,19687.5,1664.41
2180,1.892991,,2.016445e-04,19681.1,1664.95
2185,1.902349,,2.012191e-04,19679.1,1665.12
2190,1.915593,,2.007933e-04,19677.6,1665.24
2195,1.858069,,2.003671e-04,19688.7,1664.31
2200,1.949185,,1.999406e-04,19680.1,1665.03
2205,1.892036,,1.995137e-04,19669.1,1665.97
2210,1.895470,,1.990864e-04,19678.0,1665.21
2215,1.819477,,1.986587e-04,19685.4,1664.58
2220,1.869975,,1.982307e-04,19672.3,1665.70
2225,1.892105,,1.978023e-04,19674.5,1665.51
2230,1.884279,,1.973736e-04,19684.1,1664.69
2235,1.874628,,1.969445e-04,19682.1,1664.86
2240,1.849217,,1.965151e-04,19692.7,1663.97
2245,1.831617,,1.960854e-04,19683.1,1664.78
2250,1.794597,1.807077,1.956553e-04,,
2250,1.890775,,1.956553e-04,6252.4,5240.83
2255,1.853885,,1.952249e-04,19587.6,1672.89
2260,1.891223,,1.947942e-04,19676.6,1665.33
2265,1.856856,,1.943631e-04,19680.0,1665.04
2270,1.875555,,1.939317e-04,19665.0,1666.31
2275,1.862604,,1.935001e-04,19657.5,1666.95
2280,1.850143,,1.930681e-04,19669.9,1665.90
2285,1.860194,,1.926358e-04,19675.4,1665.43
2290,1.831102,,1.922032e-04,19659.9,1666.74
2295,1.843488,,1.917703e-04,19662.9,1666.49
2300,1.881348,,1.913372e-04,19659.6,1666.77
2305,1.793164,,1.909038e-04,19670.7,1665.82
2310,1.930209,,1.904700e-04,19673.4,1665.60
2315,1.831392,,1.900361e-04,19685.2,1664.60
2320,1.830675,,1.896018e-04,19679.8,1665.06
2325,1.885943,,1.891673e-04,19685.2,1664.60
2330,1.860539,,1.887325e-04,19673.0,1665.63
2335,1.851341,,1.882975e-04,19639.1,1668.51
2340,1.822370,,1.878622e-04,19657.0,1666.99
2345,1.828769,,1.874267e-04,19693.4,1663.91
2350,1.842899,,1.869909e-04,19671.2,1665.79
2355,1.806591,,1.865549e-04,19678.3,1665.19
2360,1.864221,,1.861187e-04,19686.4,1664.50
2365,1.816122,,1.856822e-04,19700.3,1663.33
2370,1.840329,,1.852455e-04,19673.9,1665.55
2375,1.831263,,1.848086e-04,19667.5,1666.10
2380,1.809912,,1.843715e-04,19668.9,1665.98
2385,1.861357,,1.839342e-04,19663.1,1666.48
2390,1.820821,,1.834967e-04,19669.2,1665.96
2395,1.846781,,1.830589e-04,19675.4,1665.43
2400,1.854675,,1.826210e-04,19673.4,1665.60
2405,1.869588,,1.821829e-04,19687.2,1664.43
2410,1.862898,,1.817447e-04,19667.0,1666.14
2415,1.840099,,1.813062e-04,19673.8,1665.57
2420,1.832995,,1.808675e-04,19676.7,1665.32
2425,1.865488,,1.804287e-04,19674.2,1665.53
2430,1.790277,,1.799898e-04,19680.0,1665.04
2435,1.831780,,1.795506e-04,19662.6,1666.51
2440,1.776073,,1.791113e-04,19675.3,1665.44
2445,1.820411,,1.786719e-04,19673.8,1665.56
2450,1.849961,,1.782323e-04,19682.9,1664.79
2455,1.815820,,1.777926e-04,19680.3,1665.02
2460,1.882898,,1.773527e-04,19671.0,1665.80
2465,1.769709,,1.769127e-04,19668.1,1666.05
2470,1.887382,,1.764726e-04,19666.5,1666.18
2475,1.846639,,1.760323e-04,19671.0,1665.80
2480,1.795563,,1.755920e-04,19681.1,1664.95
2485,1.839159,,1.751515e-04,19681.0,1664.96
2490,1.855301,,1.747109e-04,19678.7,1665.15
2495,1.884631,,1.742702e-04,19683.3,1664.76
2500,1.774746,1.775035,1.738294e-04,,
2500,1.849288,,1.738294e-04,6237.5,5253.35
2505,1.844818,,1.733885e-04,19601.9,1671.68
2510,1.818400,,1.729476e-04,19669.4,1665.94
2515,1.887019,,1.725065e-04,19681.3,1664.93
2520,1.854639,,1.720654e-04,19672.9,1665.64
2525,1.797403,,1.716241e-04,19676.5,1665.33
2530,1.876853,,1.711828e-04,19668.7,1666.00
2535,1.798203,,1.707415e-04,19666.2,1666.21
2540,1.849598,,1.703001e-04,19670.9,1665.81
2545,1.865034,,1.698586e-04,19688.0,1664.36
2550,1.873796,,1.694171e-04,19692.3,1664.00
2555,1.855372,,1.689755e-04,19676.7,1665.32
2560,1.850644,,1.685339e-04,19677.8,1665.23
2565,1.896591,,1.680922e-04,19683.7,1664.72
2570,1.779058,,1.676505e-04,19674.5,1665.51
2575,1.823935,,1.672088e-04,19685.6,1664.56
2580,1.859176,,1.667671e-04,19683.0,1664.78
2585,1.898086,,1.663253e-04,19666.2,1666.21
2590,1.804607,,1.658836e-04,19679.1,1665.11
2595,1.813961,,1.654418e-04,19657.5,1666.94
2600,1.807759,,1.650000e-04,19665.7,1666.25
2605,1.820700,,1.645582e-04,19684.7,1664.64
2610,1.810348,,1.641164e-04,19684.6,1664.65
2615,1.817402,,1.636747e-04,19673.6,1665.58
2620,1.817966,,1.632329e-04,19670.5,1665.85
2625,1.817438,,1.627912e-04,19666.5,1666.18
2630,1.873219,,1.623495e-04,19665.5,1666.27
2635,1.822141,,1.619078e-04,19664.5,1666.36
2640,1.839572,,1.614661e-04,19660.0,1666.73
2645,1.879410,,1.610245e-04,19666.0,1666.23
2650,1.840780,,1.605829e-04,19668.4,1666.03
2655,1.794797,,1.601414e-04,19671.2,1665.79
2660,1.801497,,1.596999e-04,19655.7,1667.10
2665,1.818709,,1.592585e-04,19652.0,1667.41
2670,1.882686,,1.588172e-04,19653.5,1667.28
2675,1.843453,,1.583759e-04,19624.0,1669.79
2680,1.828985,,1.579346e-04,19619.2,1670.20
2685,1.884320,,1.574935e-04,19631.4,1669.16
2690,1.770566,,1.570524e-04,19632.0,1669.11
2695,1.813466,,1.566115e-04,19628.2,1669.43
2700,1.782724,,1.561706e-04,19626.3,1669.60
2705,1.882950,,1.557298e-04,19638.4,1668.56
2710,1.743316,,1.552891e-04,19627.0,1669.54
2715,1.850834,,1.548485e-04,19638.6,1668.55
2720,1.825353,,1.544080e-04,19629.9,1669.29
2725,1.851809,,1.539677e-04,19630.0,1669.28
2730,1.851339,,1.535274e-04,19597.2,1672.08
2735,1.897291,,1.530873e-04,19613.5,1670.69
2740,1.784374,,1.526473e-04,19653.2,1667.31
2745,1.821488,,1.522074e-04,18677.8,1754.38
2750,1.767764,1.735110,1.517677e-04,,
2750,1.848634,,1.517677e-04,6083.4,5386.47
2755,1.830485,,1.513281e-04,18729.0,1749.59
2760,1.883615,,1.508887e-04,18676.5,1754.51
2765,1.765786,,1.504494e-04,19654.0,1667.24
2770,1.872329,,1.500102e-04,19672.6,1665.67
2775,1.801908,,1.495713e-04,19672.0,1665.72
2780,1.695904,,1.491325e-04,19660.5,1666.69
2785,1.777546,,1.486938e-04,19663.6,1666.43
2790,1.770384,,1.482553e-04,19654.5,1667.20
2795,1.836867,,1.478171e-04,19662.9,1666.49
2800,1.731029,,1.473790e-04,19663.0,1666.48
2805,1.776871,,1.469411e-04,19665.4,1666.27
2810,1.805805,,1.465033e-04,19680.4,1665.01
2815,1.844331,,1.460658e-04,19665.9,1666.24
2820,1.779479,,1.456285e-04,19734.5,1660.45
2825,1.807050,,1.451914e-04,19737.2,1660.22
2830,1.803589,,1.447545e-04,19735.7,1660.34
2835,1.762647,,1.443178e-04,19731.6,1660.69
2840,1.791892,,1.438813e-04,19734.8,1660.42
2845,1.825336,,1.434451e-04,19457.0,1684.12
2850,1.744209,,1.430091e-04,19732.1,1660.65
2855,1.786971,,1.425733e-04,19717.7,1661.85
2860,1.749026,,1.421378e-04,19727.7,1661.01
2865,1.814790,,1.417025e-04,19263.6,1701.04
2870,1.826865,,1.412675e-04,19721.9,1661.50
2875,1.729717,,1.408327e-04,19727.7,1661.01
2880,1.825210,,1.403982e-04,19725.7,1661.18
2885,1.824172,,1.399639e-04,19722.7,1661.44
2890,1.824133,,1.395300e-04,19727.1,1661.06
2895,1.820691,,1.390962e-04,19723.2,1661.39
2900,1.775816,,1.386628e-04,19670.0,1665.88
2905,1.738344,,1.382297e-04,19723.2,1661.40
2910,1.810294,,1.377968e-04,19629.5,1669.32
2915,1.778983,,1.373642e-04,19723.1,1661.40
2920,1.799304,,1.369319e-04,19725.1,1661.24
2925,1.786804,,1.364999e-04,19725.4,1661.21
2930,1.825509,,1.360683e-04,19724.3,1661.30
2935,1.826086,,1.356369e-04,19724.7,1661.27
2940,1.745289,,1.352058e-04,19725.4,1661.21
2945,1.842108,,1.347751e-04,19604.3,1671.47
2950,1.878674,,1.343447e-04,19723.2,1661.40
2955,1.789835,,1.339146e-04,19725.2,1661.23
2960,1.775022,,1.334849e-04,19721.5,1661.54
2965,1.832579,,1.330555e-04,19725.6,1661.19
2970,1.818324,,1.326264e-04,19448.4,1684.87
2975,1.824542,,1.321977e-04,19724.3,1661.30
2980,1.770417,,1.317693e-04,19720.3,1661.64
2985,1.790763,,1.313413e-04,19645.2,1667.99
2990,1.757906,,1.309136e-04,19720.4,1661.63
2995,1.755720,,1.304863e-04,19721.2,1661.56
3000,1.709361,1.749275,1.300594e-04,,
3000,1.768924,,1.300594e-04,6494.3,5045.68
3005,1.802019,,1.296329e-04,17315.3,1892.43
3010,1.848509,,1.292067e-04,19727.4,1661.04
3015,1.763082,,1.287809e-04,19731.3,1660.71
3020,1.794408,,1.283555e-04,19735.6,1660.35
3025,1.774155,,1.279305e-04,19736.3,1660.29
3030,1.771804,,1.275059e-04,19734.5,1660.45
3035,1.827547,,1.270817e-04,19733.8,1660.50
3040,1.734742,,1.266579e-04,19712.0,1662.34
3045,1.813250,,1.262345e-04,19736.6,1660.27
3050,1.787008,,1.258116e-04,19736.6,1660.26
3055,1.762076,,1.253890e-04,19734.3,1660.46
3060,1.790967,,1.249669e-04,19735.9,1660.32
3065,1.827114,,1.245452e-04,19657.0,1666.99
3070,1.739369,,1.241239e-04,19730.2,1660.80
3075,1.830979,,1.237031e-04,19730.9,1660.75
3080,1.703916,,1.232827e-04,19730.0,1660.82
3085,1.840689,,1.228628e-04,19725.6,1661.19
3090,1.805923,,1.224433e-04,19722.3,1661.47
3095,1.839023,,1.220242e-04,19726.4,1661.12
3100,1.768680,,1.216057e-04,19726.3,1661.13
3105,1.778779,,1.211876e-04,19725.6,1661.19
3110,1.760606,,1.207699e-04,19723.5,1661.36
3115,1.812177,,1.203528e-04,19727.5,1661.03
3120,1.805896,,1.199361e-04,19723.0,1661.41
3125,1.723582,,1.195199e-04,19726.3,1661.13
3130,1.778493,,1.191042e-04,19726.3,1661.13
3135,1.768287,,1.186889e-04,19721.2,1661.57
3140,1.790640,,1.182742e-04,19725.2,1661.22
3145,1.813757,,1.178600e-04,19724.9,1661.25
3150,1.775840,,1.174462e-04,19722.4,1661.46
3155,1.762878,,1.170330e-04,19728.1,1660.98
3160,1.807646,,1.166203e-04,19723.6,1661.36
3165,1.764085,,1.162081e-04,19726.2,1661.14
3170,1.798451,,1.157965e-04,19725.1,1661.23
3175,1.799810,,1.153853e-04,19727.4,1661.04
3180,1.736653,,1.149747e-04,19725.6,1661.19
3185,1.793980,,1.145647e-04,19728.8,1660.92
3190,1.764893,,1.141552e-04,19726.2,1661.14
3195,1.784311,,1.137462e-04,19723.5,1661.37
3200,1.771200,,1.133377e-04,19726.6,1661.11
3205,1.790603,,1.129299e-04,19716.4,1661.97
3210,1.769919,,1.125225e-04,19733.6,1660.52
3215,1.807185,,1.121158e-04,19734.4,1660.45
3220,1.742554,,1.117096e-04,19736.8,1660.25
3225,1.755125,,1.113040e-04,19735.8,1660.33
3230,1.763744,,1.108989e-04,19735.8,1660.34
3235,1.719126,,1.104944e-04,19736.1,1660.31
3240,1.832934,,1.100906e-04,19735.8,1660.33
3245,1.791154,,1.096873e-04,19723.3,1661.39
3250,1.697307,1.717788,1.092846e-04,,
3250,1.767677,,1.092846e-04,6194.6,5289.73
3255,1.772587,,1.088824e-04,19545.2,1676.53
3260,1.795640,,1.084809e-04,19733.6,1660.52
3265,1.787306,,1.080800e-04,19730.8,1660.75
3270,1.871662,,1.076797e-04,19731.4,1660.70
3275,1.787885,,1.072801e-04,19728.8,1660.92
3280,1.766998,,1.068810e-04,19604.7,1671.43
3285,1.709966,,1.064826e-04,19723.5,1661.37
3290,1.756584,,1.060848e-04,19697.9,1663.53
3295,1.768955,,1.056876e-04,19590.1,1672.68
3300,1.719637,,1.052910e-04,19724.2,1661.31
3305,1.815483,,1.048951e-04,19728.8,1660.93
3310,1.715835,,1.044999e-04,19726.4,1661.12
3315,1.757991,,1.041052e-04,19725.5,1661.20
3320,1.791999,,1.037113e-04,19723.9,1661.34
3325,1.752019,,1.033180e-04,19727.2,1661.06
3330,1.752001,,1.029253e-04,19728.1,1660.98
3335,1.742700,,1.025334e-04,19730.4,1660.78
3340,1.797729,,1.021420e-04,19274.5,1700.07
3345,1.736554,,1.017514e-04,19735.6,1660.35
3350,1.783157,,1.013614e-04,19733.3,1660.54
3355,1.809387,,1.009722e-04,19659.4,1666.79
3360,1.754754,,1.005836e-04,19736.1,1660.31
3365,1.772588,,1.001957e-04,19729.6,1660.86
3370,1.771688,,9.980845e-05,19733.8,1660.50
3375,1.802039,,9.942194e-05,19725.5,1661.20
3380,1.738811,,9.903613e-05,19683.2,1664.77
3385,1.830958,,9.865103e-05,19732.5,1660.61
3390,1.740615,,9.826664e-05,19735.0,1660.40
3395,1.781007,,9.788296e-05,19729.9,1660.83
3400,1.782517,,9.750000e-05,19730.9,1660.74
3405,1.787288,,9.711776e-05,19733.6,1660.52
3410,1.780930,,9.673625e-05,19734.0,1660.48
3415,1.684817,,9.635548e-05,19735.3,1660.38
3420,1.793947,,9.597543e-05,19735.6,1660.35
3425,1.759714,,9.559613e-05,19737.9,1660.16
3430,1.794326,,9.521757e-05,19737.9,1660.15
3435,1.774665,,9.483976e-05,19736.6,1660.27
3440,1.782985,,9.446269e-05,19734.6,1660.43
3445,1.773081,,9.408639e-05,19734.0,1660.49
3450,1.801315,,9.371084e-05,19733.5,1660.53
3455,1.705311,,9.333606e-05,19732.9,1660.58
3460,1.763055,,9.296204e-05,19728.8,1660.92
3465,1.749546,,9.258880e-05,19726.1,1661.15
3470,1.778633,,9.221633e-05,19723.3,1661.39
3475,1.771490,,9.184464e-05,19729.4,1660.87
3480,1.714133,,9.147373e-05,19726.0,1661.16
3485,1.765952,,9.110361e-05,19726.6,1661.10
3490,1.665903,,9.073428e-05,19723.5,1661.37
3495,1.813657,,9.036575e-05,19724.5,1661.28
3500,1.696835,1.684817,8.999802e-05,,
3500,1.720526,,8.999802e-05,6241.9,5249.65
3505,1.758940,,8.963109e-05,19664.1,1666.39
3510,1.711596,,8.926497e-05,19727.1,1661.06
3515,1.715085,,8.889965e-05,19721.2,1661.56
3520,1.787478,,8.853516e-05,19720.9,1661.59
3525,1.742623,,8.817148e-05,19719.4,1661.71
3530,1.685041,,8.780863e-05,19647.0,1667.83
3535,1.737548,,8.744660e-05,19718.3,1661.81
3540,1.751413,,8.708540e-05,19600.5,1671.79
3545,1.690980,,8.672504e-05,19703.7,1663.04
3550,1.719794,,8.636551e-05,19718.0,1661.83
3555,1.740765,,8.600683e-05,19486.6,1681.57
3560,1.772667,,8.564899e-05,19718.9,1661.76
3565,1.788905,,8.529200e-05,19717.0,1661.92
3570,1.773614,,8.493587e-05,19716.9,1661.92
3575,1.778314,,8.458059e-05,19717.8,1661.85
3580,1.698476,,8.422618e-05,19688.6,1664.32
3585,1.763303,,8.387263e-05,19512.5,1679.33
3590,1.734646,,8.351995e-05,19718.8,1661.77
3595,1.724578,,8.316814e-05,19714.5,1662.13
3600,1.794568,,8.281721e-05,19717.0,1661.92
3605,1.725844,,8.246715e-05,19720.3,1661.64
3610,1.805455,,8.211799e-05,19729.2,1660.89
3615,1.746553,,8.176971e-05,19730.7,1660.76
3620,1.761774,,8.142232e-05,19734.0,1660.49
3625,1.758078,,8.107582e-05,19735.2,1660.38
3630,1.845124,,8.073023e-05,19735.1,1660.39
3635,1.755821,,8.038553e-05,19735.5,1660.36
3640,1.790863,,8.004175e-05,19736.2,1660.30
3645,1.751122,,7.969887e-05,19737.7,1660.17
3650,1.717480,,7.935691e-05,19737.9,1660.16
3655,1.761487,,7.901586e-05,19736.4,1660.28
3660,1.770588,,7.867573e-05,19736.5,1660.27
3665,1.815965,,7.833653e-05,19735.7,1660.34
3670,1.711421,,7.799826e-05,19737.3,1660.21
3675,1.728655,,7.766092e-05,19734.4,1660.45
3680,1.711570,,7.732451e-05,19737.7,1660.17
3685,1.774512,,7.698905e-05,19735.3,1660.38
3690,1.780101,,7.665452e-05,19734.0,1660.48
3695,1.740304,,7.632094e-05,19736.9,1660.24
3700,1.798444,,7.598831e-05,19698.7,1663.46
3705,1.784244,,7.565664e-05,19735.4,1660.37
3710,1.709800,,7.532592e-05,19736.9,1660.24
3715,1.727346,,7.499616e-05,19736.5,1660.27
3720,1.713282,,7.466737e-05,19737.1,1660.22
3725,1.729463,,7.433954e-05,19737.7,1660.17
3730,1.746085,,7.401268e-05,19735.6,1660.35
3735,1.752664,,7.368680e-05,19735.1,1660.40
3740,1.750996,,7.336190e-05,19460.6,1683.81
3745,1.681362,,7.303798e-05,19736.2,1660.30
3750,1.675577,1.683342,7.271504e-05,,
3750,1.739648,,7.271504e-05,6189.2,5294.41
3755,1.753136,,7.239309e-05,19675.1,1665.46
3760,1.795651,,7.207213e-05,19731.6,1660.69
3765,1.814086,,7.175217e-05,19731.7,1660.68
3770,1.759902,,7.143321e-05,19598.9,1671.93
3775,1.727762,,7.111524e-05,19735.0,1660.40
3780,1.708852,,7.079829e-05,19733.1,1660.56
3785,1.730689,,7.048234e-05,19621.2,1670.03
3790,1.766099,,7.016741e-05,19737.0,1660.23
3795,1.759840,,6.985349e-05,19736.1,1660.31
3800,1.747151,,6.954058e-05,19736.8,1660.25
3805,1.775432,,6.922871e-05,19736.2,1660.30
3810,1.734786,,6.891785e-05,19736.1,1660.31
3815,1.737539,,6.860803e-05,19735.9,1660.32
3820,1.784787,,6.829924e-05,19699.3,1663.41
3825,1.727140,,6.799148e-05,19733.3,1660.54
3830,1.678612,,6.768476e-05,19735.7,1660.34
3835,1.737557,,6.737909e-05,19734.5,1660.45
3840,1.719558,,6.707446e-05,19735.8,1660.34
3845,1.741678,,6.677088e-05,19736.3,1660.29
3850,1.775029,,6.646835e-05,19537.9,1677.15
3855,1.778341,,6.616688e-05,19730.5,1660.78
3860,1.771311,,6.586646e-05,19725.8,1661.17
3865,1.740470,,6.556711e-05,19721.2,1661.56
3870,1.773386,,6.526882e-05,19717.7,1661.85
3875,1.791569,,6.497160e-05,19718.8,1661.76
3880,1.760557,,6.467545e-05,19721.7,1661.52
3885,1.685413,,6.438037e-05,19717.8,1661.85
3890,1.749336,,6.408638e-05,19720.1,1661.65
3895,1.682921,,6.379346e-05,19706.3,1662.82
3900,1.720822,,6.350163e-05,19719.2,1661.73
3905,1.705243,,6.321088e-05,19718.5,1661.79
3910,1.775385,,6.292122e-05,19714.8,1662.10
3915,1.751065,,6.263266e-05,19720.8,1661.60
3920,1.730928,,6.234519e-05,19717.9,1661.84
3925,1.724270,,6.205883e-05,19724.3,1661.30
3930,1.717363,,6.177356e-05,19730.0,1660.82
3935,1.772446,,6.148940e-05,19731.1,1660.72
3940,1.741381,,6.120635e-05,19730.7,1660.76
3945,1.736413,,6.092441e-05,19731.8,1660.67
3950,1.751725,,6.064359e-05,19735.0,1660.40
3955,1.771092,,6.036388e-05,19733.8,1660.50
3960,1.779657,,6.008530e-05,19710.2,1662.49
3965,1.734334,,5.980783e-05,19733.9,1660.49
3970,1.693425,,5.953150e-05,19729.6,1660.85
3975,1.702750,,5.925629e-05,19737.1,1660.22
3980,1.685722,,5.898221e-05,19737.1,1660.22
3985,1.750681,,5.870928e-05,19736.2,1660.30
3990,1.755652,,5.843747e-05,19735.7,1660.34
3995,1.747733,,5.816681e-05,19734.5,1660.44
4000,1.658898,1.680583,5.789730e-05,,
4000,1.752730,,5.789730e-05,6198.6,5286.34
4005,1.778074,,5.762893e-05,17183.0,1907.00
4010,1.772450,,5.736171e-05,19724.2,1661.31
4015,1.673269,,5.709565e-05,19719.1,1661.74
4020,1.762274,,5.683074e-05,19717.3,1661.89
4025,1.750772,,5.656698e-05,19720.5,1661.62
4030,1.726548,,5.630439e-05,19719.6,1661.70
4035,1.697225,,5.604297e-05,19725.3,1661.22
4040,1.664997,,5.578271e-05,19729.9,1660.83
4045,1.761663,,5.552362e-05,19730.5,1660.77
4050,1.727423,,5.526570e-05,19734.8,1660.42
4055,1.720514,,5.500895e-05,19731.6,1660.68
4060,1.818009,,5.475339e-05,19734.8,1660.42
4065,1.736264,,5.449901e-05,19730.9,1660.75
4070,1.704043,,5.424581e-05,19733.4,1660.54
4075,1.684311,,5.399379e-05,19734.7,1660.43
4080,1.739820,,5.374296e-05,19729.5,1660.86
4085,1.724315,,5.349333e-05,19721.6,1661.53
4090,1.745286,,5.324489e-05,19720.9,1661.58
4095,1.734414,,5.299765e-05,19718.6,1661.78
4100,1.774335,,5.275160e-05,19717.2,1661.90
4105,1.757098,,5.250676e-05,19718.6,1661.78
4110,1.711889,,5.226312e-05,19718.2,1661.81
4115,1.754617,,5.202069e-05,19719.7,1661.69
4120,1.724570,,5.177947e-05,19713.5,1662.21
4125,1.737397,,5.153947e-05,19718.2,1661.82
4130,1.715347,,5.130067e-05,19717.1,1661.91
4135,1.707732,,5.106310e-05,19719.7,1661.69
4140,1.721980,,5.082674e-05,18802.0,1742.80
4145,1.740492,,5.059161e-05,19726.1,1661.15
4150,1.742617,,5.035771e-05,19646.8,1667.86
4155,1.693336,,5.012503e-05,19733.3,1660.55
4160,1.708204,,4.989358e-05,19726.7,1661.10
4165,1.716560,,4.966336e-05,19736.0,1660.31
4170,1.736723,,4.943438e-05,19733.4,1660.54
4175,1.807871,,4.920664e-05,19733.7,1660.51
4180,1.774117,,4.898013e-05,19735.5,1660.36
4185,1.699307,,4.875487e-05,19737.4,1660.20
4190,1.735466,,4.853086e-05,19737.4,1660.20
4195,1.727520,,4.830809e-05,19737.4,1660.20
4200,1.706637,,4.808657e-05,19736.4,1660.28
4205,1.699693,,4.786630e-05,19737.0,1660.23
4210,1.770276,,4.764729e-05,19735.9,1660.32
4215,1.734577,,4.742954e-05,19735.8,1660.33
4220,1.707124,,4.721304e-05,19734.0,1660.48
4225,1.735919,,4.699780e-05,19728.3,1660.96
4230,1.709590,,4.678383e-05,19723.7,1661.35
4235,1.700489,,4.657113e-05,19721.4,1661.54
4240,1.722446,,4.635969e-05,19697.2,1663.59
4245,1.737055,,4.614952e-05,19715.9,1662.01
4250,1.652796,1.655299,4.594063e-05,,
4250,1.689655,,4.594063e-05,6251.0,5242.07
4255,1.677453,,4.573301e-05,19668.0,1666.06
4260,1.736221,,4.552667e-05,19716.9,1661.92
4265,1.744738,,4.532161e-05,19717.8,1661.85
4270,1.707872,,4.511783e-05,19718.6,1661.78
4275,1.716291,,4.491533e-05,19717.7,1661.85
4280,1.727936,,4.471412e-05,19717.1,1661.91
4285,1.729251,,4.451420e-05,19716.0,1662.00
4290,1.659422,,4.431556e-05,19718.5,1661.79
4295,1.726832,,4.411823e-05,19717.4,1661.88
4300,1.729648,,4.392218e-05,19717.9,1661.84
4305,1.740592,,4.372743e-05,19720.0,1661.67
4310,1.754454,,4.353398e-05,19721.3,1661.56
4315,1.757500,,4.334183e-05,19727.8,1661.00
4320,1.702875,,4.315099e-05,19730.7,1660.76
4325,1.687066,,4.296145e-05,19731.9,1660.66
4330,1.762653,,4.277321e-05,19731.2,1660.72
4335,1.755059,,4.258629e-05,19730.3,1660.79
4340,1.772955,,4.240067e-05,19734.8,1660.41
4345,1.673519,,4.221637e-05,19732.0,1660.65
4350,1.783828,,4.203338e-05,19734.6,1660.44
4355,1.661365,,4.185171e-05,19735.8,1660.33
4360,1.739447,,4.167136e-05,19735.1,1660.39
4365,1.692069,,4.149233e-05,19731.4,1660.70
4370,1.848361,,4.131463e-05,19735.5,1660.35
4375,1.681151,,4.113824e-05,19734.8,1660.42
4380,1.695601,,4.096319e-05,19734.7,1660.43
4385,1.689108,,4.078946e-05,19735.7,1660.34
4390,1.770382,,4.061706e-05,19737.3,1660.21
4395,1.728712,,4.044600e-05,19734.5,1660.44
4400,1.695457,,4.027626e-05,19735.2,1660.38
4405,1.787086,,4.010787e-05,19734.6,1660.43
4410,1.762529,,3.994081e-05,19735.0,1660.40
4415,1.776026,,3.977509e-05,19730.5,1660.78
4420,1.713812,,3.961071e-05,19736.0,1660.31
4425,1.671058,,3.944767e-05,19733.1,1660.56
4430,1.735182,,3.928598e-05,19734.8,1660.41
4435,1.734707,,3.912564e-05,19735.9,1660.33
4440,1.767538,,3.896664e-05,19736.4,1660.28
4445,1.697074,,3.880900e-05,19737.5,1660.19
4450,1.708730,,3.865270e-05,19733.4,1660.53
4455,1.681408,,3.849776e-05,19728.5,1660.95
4460,1.707742,,3.834417e-05,19715.6,1662.04
4465,1.707595,,3.819194e-05,19721.8,1661.51
4470,1.727940,,3.804106e-05,19719.8,1661.68
4475,1.763497,,3.789155e-05,19714.4,1662.14
4480,1.783487,,3.774340e-05,19722.0,1661.50
4485,1.671386,,3.759661e-05,19721.0,1661.58
4490,1.746937,,3.745118e-05,19716.6,1661.95
4495,1.685443,,3.730712e-05,19717.6,1661.86
4500,1.660639,1.658996,3.716443e-05,,
4500,1.744769,,3.716443e-05,6481.1,5055.90
4505,1.724625,,3.702311e-05,19689.0,1664.28
4510,1.728603,,3.688316e-05,19465.2,1683.42
4515,1.687097,,3.674458e-05,19713.3,1662.23
4520,1.692057,,3.660737e-05,19713.5,1662.21
4525,1.729371,,3.647154e-05,19714.9,1662.09
4530,1.752519,,3.633708e-05,19714.2,1662.16
4535,1.746916,,3.620401e-05,19720.3,1661.64
4540,1.745256,,3.607231e-05,19715.5,1662.04
4545,1.724839,,3.594199e-05,19717.3,1661.89
4550,1.721038,,3.581305e-05,19716.8,1661.93
4555,1.700378,,3.568550e-05,19717.3,1661.89
4560,1.701300,,3.555934e-05,19720.0,1661.66
4565,1.743567,,3.543455e-05,19722.1,1661.49
4570,1.738769,,3.531116e-05,19725.5,1661.20
4575,1.739839,,3.518916e-05,19726.5,1661.12
4580,1.688003,,3.506854e-05,19725.8,1661.18
4585,1.752751,,3.494932e-05,19716.1,1661.99
4590,1.716208,,3.483149e-05,19732.7,1660.60
4595,1.745771,,3.471505e-05,19698.1,1663.51
4600,1.718859,,3.460001e-05,19731.6,1660.69
4605,1.660938,,3.448637e-05,19729.3,1660.88
4610,1.695918,,3.437412e-05,19731.2,1660.72
4615,1.717422,,3.426327e-05,19732.7,1660.59
4620,1.751041,,3.415383e-05,19728.4,1660.95
4625,1.680837,,3.404578e-05,19733.7,1660.51
4630,1.684731,,3.393914e-05,19732.6,1660.60
4635,1.695483,,3.383390e-05,19730.9,1660.74
4640,1.738617,,3.373006e-05,19697.6,1663.55
4645,1.696034,,3.362763e-05,19735.5,1660.36
4650,1.680441,,3.352661e-05,19732.3,1660.63
4655,1.687775,,3.342699e-05,19734.4,1660.45
4660,1.736355,,3.332879e-05,19735.4,1660.37
4665,1.762204,,3.323199e-05,19691.7,1664.05
4670,1.701755,,3.313661e-05,19735.3,1660.37
4675,1.753417,,3.304263e-05,19735.5,1660.35
4680,1.748236,,3.295007e-05,19732.9,1660.58
4685,1.698251,,3.285893e-05,19726.5,1661.11
4690,1.727575,,3.276920e-05,19730.0,1660.82
4695,1.757557,,3.268088e-05,19731.0,1660.74
4700,1.634527,,3.259399e-05,19727.4,1661.04
4705,1.730376,,3.250851e-05,19733.5,1660.53
4710,1.746357,,3.242445e-05,19732.5,1660.61
4715,1.735728,,3.234181e-05,19730.2,1660.80
4720,1.691399,,3.226059e-05,19735.3,1660.37
4725,1.692481,,3.218079e-05,19736.2,1660.30
4730,1.688335,,3.210241e-05,19733.0,1660.56
4735,1.758847,,3.202546e-05,19731.6,1660.68
4740,1.683320,,3.194993e-05,19736.6,1660.27
4745,1.681262,,3.187583e-05,19734.1,1660.47
4750,1.645398,1.643250,3.180315e-05,,
4750,1.675095,,3.180315e-05,6222.8,5265.83
4755,1.707436,,3.173190e-05,19525.2,1678.24
4760,1.705281,,3.166207e-05,19729.7,1660.85
4765,1.746356,,3.159368e-05,19723.3,1661.38
4770,1.675348,,3.152671e-05,19721.6,1661.52
4775,1.674478,,3.146117e-05,19718.0,1661.83
4780,1.670582,,3.139706e-05,19716.1,1661.99
4785,1.692108,,3.133439e-05,19720.0,1661.66
4790,1.679129,,3.127314e-05,19713.8,1662.18
4795,1.684518,,3.121333e-05,19713.6,1662.21
4800,1.668259,,3.115494e-05,19718.9,1661.76
4805,1.669215,,3.109800e-05,19720.8,1661.59
4810,1.728512,,3.104248e-05,19718.3,1661.81
4815,1.721122,,3.098840e-05,19720.7,1661.60
4820,1.744877,,3.093576e-05,19715.8,1662.01
4825,1.715958,,3.088455e-05,19718.2,1661.81
4830,1.733034,,3.083478e-05,19720.3,1661.64
4835,1.699391,,3.078644e-05,19717.8,1661.85
4840,1.658340,,3.073954e-05,19722.1,1661.49
4845,1.708913,,3.069408e-05,19722.8,1661.42
4850,1.711373,,3.065006e-05,19622.1,1669.96
4855,1.712645,,3.060748e-05,19667.4,1666.11
4860,1.749176,,3.056633e-05,19723.2,1661.39
4865,1.748689,,3.052663e-05,19461.9,1683.70
4870,1.713551,,3.048837e-05,19728.6,1660.94
4875,1.711049,,3.045154e-05,19733.6,1660.52
4880,1.753363,,3.041616e-05,19733.9,1660.49
4885,1.672196,,3.038222e-05,19731.1,1660.73
4890,1.703981,,3.034972e-05,19733.9,1660.50
4895,1.689529,,3.031866e-05,19734.6,1660.44
4900,1.716283,,3.028905e-05,19729.5,1660.86
4905,1.721236,,3.026087e-05,19735.5,1660.36
4910,1.734519,,3.023414e-05,19730.9,1660.75
4915,1.685269,,3.020886e-05,19734.3,1660.46
4920,1.668684,,3.018501e-05,19734.6,1660.44
4925,1.694583,,3.016261e-05,19730.6,1660.77
4930,1.715632,,3.014166e-05,19734.3,1660.46
4935,1.716533,,3.012215e-05,19728.6,1660.93
4940,1.713232,,3.010408e-05,19730.9,1660.74
4945,1.747270,,3.008746e-05,19720.9,1661.58
4950,1.752221,,3.007228e-05,19721.5,1661.54
4955,1.678610,,3.005855e-05,19720.2,1661.64
4960,1.694573,,3.004626e-05,19729.1,1660.90
4965,1.668852,,3.003542e-05,19641.2,1668.33
4970,1.704924,,3.002602e-05,19729.0,1660.91
4975,1.722596,,3.001807e-05,19732.6,1660.60
4980,1.682432,,3.001157e-05,19735.7,1660.34
4985,1.676193,,3.000651e-05,19730.6,1660.77
4990,1.709792,,3.000289e-05,19736.3,1660.29
4995,1.691490,,3.000072e-05,19733.4,1660.54
5000,1.614355,1.650927,3.000000e-05,,
5000,1.682416,,3.000000e-05,6494.7,5045.31
